[{"model": "app.blog", "pk": 1, "fields": {"title": "Galaxy S23", "description": "Быстрейший из Galaxy", "content": "Быстрейший из Galaxy\r\nПроцессор Snapdragon 8 Gen 2 — рекордсмен среди всех чипов Qualcomm по производительности и энергоэффективности. Не существует таких задач, с которыми Gen 2 не смог бы справиться, причём его мощи «с головой» хватит на ближайшие годы.\r\nЭксклюзивно для линейки Galaxy S23 выпустили улучшенную версию, которая получила название Snapdragon 8 Gen 2 for Galaxy.", "posted": "2023-04-03T16:31:22Z", "author": null, "image": "temp.jpg"}}, {"model": "app.blog", "pk": 2, "fields": {"title": "Haier HW70-BP12969A", "description": "очень экономичная модель.", "content": "Во-первых, она тратит всего 36,2 л воды за цикл, а функция автовзвешивания определит оптимальный режим стирки. Во-вторых, её глубина — 37,3 см, а значит, она ещё и сэкономит место в квартире. И это при максимальной загрузке до 7 кг! К слову, стирать даже объёмные вещи будет удобно: благодаря увеличенному диаметру люка (52,5 см) вы без проблем поместите бельё в барабан. Помимо стандартных программ, есть режим стирки с паром и режим освежения. С его помощью вы можете обработать паром те ткани, которые нельзя стирать в машине — пригодится, если одежда чистая, но залежалась в шкафу. Кроме того, чистыми будут не только ваши вещи, но сама машина. Технология Smart Dual Spray очищает барабан и манжету струями воды, и вам не нужно отдельно протирать их.", "posted": "2023-04-03T16:31:22Z", "author": null, "image": "temp.jpg"}}, {"model": "app.blog", "pk": 3, "fields": {"title": "Идеальный телевизор для домашнего кинотеатра — какой он?", "description": "Содержание\r\nДиагональ\r\nХарактеристики экрана\r\nЗвуковая система\r\nSmart TV и медиаплеер\r\nВыводы", "content": "В последние пару лет мы чаще стали смотреть фильмы дома. Всему виной пандемия и уход крупнейших киностудий с российского рынка. Да и стриминговые сервисы не отстают — многие новинки появляются сразу в онлайне, поэтому нет смысла тратить время и деньги на поход в кинотеатр. Но чтобы смотреть кино с комфортом, нужен соответствующий телевизор. Какие характеристики важны при подборе, а чем можно пренебречь?\r\n\r\nДиагональ\r\nЗдесь все просто, чем больше — тем лучше. Даже в небольшую комнату можно установить двухметрового монстра, который будет восприниматься почти как проектор. Однако помните, что больше  — не всегда значит лучше, и телевизор должно быть комфортно смотреть. Здесь мы писали о том, как определить оптимальное расстояние для ТВ и подобрать диагональ соответственно размерам комнаты.\r\n\r\n\r\n\r\nНе стоит думать, что 80-дюймовые модели стоят по миллиону рублей. В последнее время появляются доступные варианты с огромной диагональю.", "posted": "2023-04-03T16:31:22Z", "author": null, "image": "temp.jpg"}}, {"model": "app.blog", "pk": 4, "fields": {"title": "5 главных отличий современных холодильников от старых моделей", "description": "Содержание\r\nНовые технологии охлаждения  \r\nИнверторные компрессоры\r\nБолее гибкая внутренняя структура\r\nПолезные опции\r\nЦвета под ваш дизайн", "content": "даже если ваш старый холодильник еще работает, есть не один повод заменить его новым. Просто оцените, каких опций вы, возможно, себя лишаете. \r\n\r\nВ некоторых видах техники (например, смартфонах) инновации заметны невооруженным глазом. Крутые камеры, складные конструкции, беспроводная зарядка — каждый год, появляется что-то новое. А что с холодильниками? Кажется, что более консервативной техники не найти — жужжат себе в уголке кухни и охлаждают или замораживают продукты. На самом деле все не так просто, и в холодильниках за последние годы появилось довольно много интересных технологий, которые упрощают использование и позволяют лучше сохранять продукты. Мы выбрали самые важные из них. \r\n\r\nНовые технологии охлаждения  \r\nВ старых моделях использовался статический способ охлаждения. То есть нужная температура в камере поддерживалась за счет охлаждения задней стенки, в которую вмонтирован испаритель. Такая система имеет большой недостаток: если, скажем, вы положили теплое блюдо на одну из полок, все тепло поднимется вверх, и на верхних полках температура окажется выше. Пройдет немало времени прежде, чем она выровняется естественным путем по всей камере.\r\n\r\nЧтобы исправить этот недостаток, производители стали использовать динамический способ и устанавливать многопоточные системы, которые принудительно распределяют холодный воздух внутри камеры. Их названия могут отличаться в зависимости от бренда: Multi-Flow, Multi-AirFlow, Super-X-Flow… Но принцип работы практически одинаков. Многопоточные системы охлаждения еще и заметно быстрее восстанавливают температуру в камере даже после того, как вы открыли дверцу. В итоге продукты всегда находятся в условиях близких к оптимальным и дольше хранятся. \r\n\r\n\r\n\r\nНапример, такая модель:\r\n\r\n\r\nХолодильник с морозильником Hisense RB390N4AD1 серебристый\r\nЦвет:\r\nБелый\r\nСеребристый\r\n113\r\n39 999 ₽ *\r\nХотя, если быть более точными, оптимальная температура хранения у разных продуктов разная. Если, к примеру, фрукты и овощи отлично чувствуют себя при +2 — +4 °С, то свежему мясу в идеале подойдет 0 °С. Поэтому в современных холодильниках предусматривают еще и зону с пониженной температурой («зону свежести»): обычно это ящик в нижней части основного отделения. Если вы купили свежее мясо, планируете его скоро приготовить, но не хотите замораживать, лучше положить его именно туда.\r\n\r\nПример товара:\r\n\r\n\r\nХолодильник с морозильником Hisense RB438N4FW1 белый\r\n[334 л, внешнее покрытие-пластик, металл, размораживание - No Frost, дисплей, 59.5 см х 200.3 см х 63.7 см]\r\n19\r\nНет в наличии\r\nИнверторные компрессоры\r\nЗвук работающего холодильника всем хорошо знаком с детства. Причем компрессор то отключается, обеспечивая полную тишину, то снова включается и начинает тарахтеть. Такая схема работы характерна для старых моделей. \r\n\r\nВо многих новых использован более прогрессивный тип компрессора: инверторный. Хотя он и работает постоянно, его обороты зависят от ситуации. К примеру, если вы открыли дверцу и поставили на полку теплую кастрюлю, он будет работать на повышенных оборотах, чтобы максимально быстро восстановить температуру в камере. А ночью, когда холодильником никто не пользуется, обороты будут минимальны, и компрессор практически не будет слышно. Это может быть актуально, например, для студий, где работающий холодильник фактически стоит в той же комнате, где и кровать.\r\n\r\n\r\n\r\nКроме того, инверторный компрессор еще и конструктивно менее шумный, чем обычный. \r\n\r\nПример модели:\r\n\r\n\r\nХолодильник многодверный Hisense RQ563N4GB1 черный\r\nЦвет:\r\nБелый\r\nЧерный\r\n44\r\n 1\r\nНет в наличии\r\nБолее гибкая внутренняя структура\r\nВсем знакома ситуация, когда хочешь положить в холодильник большую кастрюлю или арбуз, а они не влезают. В некоторых моделях полки можно сложить или откинуть, не вынимая их из холодильника. Тогда пространства станет гораздо больше. \r\n\r\nЕще одно прекрасное решение — модели Side-by-Side. Если у вас большая семья, и приходится хранить много продуктов — мало купить большой холодильник. Ведь если он будет просто высоким, тянуться на верхние полки людям небольшого роста может оказаться проблематично. Да и составлять пазл, все время решая, что положить к задней стенке, а что ближе к краю — тоже удовольствия мало. \r\n\r\n\r\n\r\nВыручат распашные модели с двумя дверьми. Они требуют больше пространства по ширине, зато более вместительны и позволяют не мучиться с расположением продуктов и готовых блюд. \r\n\r\nНапример, такая модель Side by Side\r\n\r\n\r\nХолодильник Side by Side Hisense RS677N4AC1 серебристый\r\nЦвет:\r\nБелый\r\nСеребристый\r\n84\r\n 2\r\n68 499 ₽ *\r\nПолезные опции\r\nХолодильники все активнее оснащают новыми опциями. Например, встроенным диспенсером для воды или системой льдогенерации. Еще одна полезная функция — «Отпуск». Представьте, что у вас обычный холодильник с одним компрессором. Вы уезжаете на недельку в соседнюю область, но в морозилке остаются продукты — совсем отключить холодильник вы не можете. Значит, он будет работать вхолостую, ведь никто им не пользуется?\r\n\r\n\r\n\r\nДля этого и придумали режим «Отпуск»: в нем температура внутри холодильной камеры поддерживается на уровне +15 — +18 °С. При этом продолжает работать вентилятор (если есть), так что по приезду вы не почувствуете затхлый запах из холодильника. \r\n\r\nПример модели:\r\n\r\n\r\nХолодильник с морозильником Hisense RB372N4AW1 белый\r\n[287 л, внешнее покрытие-металл, размораживание - No Frost, дисплей, 59 см х 178.5 см х 59.5 см]\r\n53\r\n37 999 ₽ *\r\nЦвета под ваш дизайн\r\nЕще с десяток лет назад холодильники были преимущественно двух цветов: стандартного белого и серого или серебристого. Сегодня выбор цветовых решений настолько велик, что можно подобрать наиболее подходящий для любого интерьера. Есть в том числе и яркие цвета: красный, желтый, салатовый. \r\n\r\n\r\n\r\nДа и встраиваемых моделей стало гораздо больше. Спрятали холодильник за фасад кухонного гарнитура - и кухня выглядит намного аккуратнее", "posted": "2023-04-03T16:45:16Z", "author": 2, "image": "temp.jpg"}}, {"model": "app.blog", "pk": 6, "fields": {"title": "тест", "description": "тест", "content": "тест", "posted": "2024-04-26T11:19:33.350Z", "author": null, "image": "image_1.jpg"}}, {"model": "app.comment", "pk": 1, "fields": {"text": "крутой телефон", "date": "2023-04-10T17:56:50.831Z", "author": 1, "post": 1}}, {"model": "app.comment", "pk": 2, "fields": {"text": "ваыаы", "date": "2023-12-25T21:03:49.876Z", "author": 4, "post": 4}}, {"model": "app.comment", "pk": 3, "fields": {"text": "uyy", "date": "2024-04-03T19:57:20.405Z", "author": 1, "post": 4}}, {"model": "app.product", "pk": 13, "fields": {"name": "Cтиральная машина Haier HW60-BP12919A White", "description": "Стиральная машина Haier HW60-BP12919A White оснащена инверторным двигателем, который обеспечивает низкий уровень энергопотребления, а также шума и вибрации при работе. Модель имеет панель с кнопками для комфортного режима в зависимости от типа ткани и интенсивности загрязнений. С помощью клавиш удобно регулировать температуру нагрева, число оборотов при отжиме, а также продолжительность цикла. Система автоматического взвешивания предназначена для расчета оптимального количества воды для эффективного применения. За счет струй воды во время стирки манжета и стекло дверцы не покрываются налетом.\r\n\r\nСтиральная машина Haier HW60-BP12919A White имеет функцию пара для удаления бактерий и легкой глажки белья. Ребристая внутренняя поверхность барабана в виде закругленных подушечек исключает повреждение деликатных тканей. Дисплей предназначен для отображения хода программы и времени. Устройство рассчитано на загрузку до 6 кг сухого белья. Стиральная машина имеет опоры, которые можно регулировать по высоте. Специальный антибактериальный слой на манжете люка и кювете исключает размножение плесени.", "price": "32900.00", "image": "products/1C.webp", "category": "Стиральная машина"}}, {"model": "app.product", "pk": 14, "fields": {"name": "Стиральная машина Hisense WFQP6012VM", "description": "тиральная машина Hisense WFQP6012VM может функционировать в разных режимах: детская одежда, хлопок, синтетика, шерсть, деликатная стирка. Функция отсрочки запуска обеспечивает возможность активации модели в заданное время. Для отображения продолжительности цикла, а также хода программы на корпусе есть цифровой дисплей. Для управления функциями и регулирования параметров стирки нужно использовать кнопки и поворотный переключатель на панели. Внутренняя рельефная поверхность барабана не повреждает волокна ткани при очищении. Люк имеет ручку в верхней части для удобства открывания.\r\n\r\nСтиральная машина Hisense WFQP6012VM с инверторным двигателем характеризуется низким уровнем шума и вибрации при работе, а также экономичным энергопотреблением. Модель предназначена для загрузки 6 кг белья. При необходимости можно добавить белье в барабан в первые 10 минут цикла. Система защиты от детей исключает случайное изменение настроек во время работы устройства. Функция самодиагностики неисправностей обеспечивает выведение кода ошибки на дисплей для эффективного устранения.", "price": "29000.00", "image": "products/2C.webp", "category": "Стиральная машина"}}, {"model": "app.product", "pk": 15, "fields": {"name": "Стиральная машина Beko WSPE7612A", "description": "ОБЩИЕ\r\nИнверторный двигательЕсть\r\nЗАГРУЗКА\r\nМаксимальная загрузка7 кг\r\nОТЖИМ\r\nМаксимальная скорость отжима1200 об/мин\r\nГАБАРИТЫ И ВЕС\r\nВысота84 см\r\nШирина60 см\r\nГлубина45 см\r\nВсе характеристики\r\nСтиральная машина Beko WSPE7612A рассчитана на одновременную загрузку до 7 кг загрязненных вещей. Устройство оснащено инверторным двигателем и баком из полиплекса, что обеспечивает низкий уровень шума и продолжительный срок эксплуатации. Выбор программ осуществляется с помощью поворотного переключателя на фронтальной части корпуса. Электронный дисплей облегчает контроль за ходом программы и показывает оставшееся время до завершения цикла.\r\n\r\nСтиральная машина Beko WSPE7612A отжимает белье с максимальной скоростью 1200 об/мин, благодаря чему остаточная влажность составляет всего 53%. Пользователь может отложить запуск программы на срок до 19 ч. Модель автоматически регулирует уровень воды в зависимости от количества загруженного белья и типа ткани. Устройство оснащено различными программами, которые позволяют подобрать оптимальные параметры для ухода за материалами из хлопка, джинсы, шерсти, пуховыми одеялами, рубашками и другими вещами. Для безопасности есть защита от протечек, пенообразования и перелива воды. Функция дисбаланса контролирует вращение барабана, что предотвращает повреждение ткани в процессе отжима.", "price": "26900.00", "image": "products/3C.webp", "category": "Стиральная машина"}}, {"model": "app.product", "pk": 16, "fields": {"name": "Холодильник Thomson BFC30EN04", "description": "Холодильник Thomson BFC30EN04 размораживается автоматически по технологии Total No Frost, которая предотвращает возникновение инея и скопление наледи на внутренних стенках. Крепкие стеклянные полки в основном отделении можно переставлять по высоте, что позволяет оптимизировать пространство для расположения высоких емкостей, крупных упаковок с продуктами питания. Зона свежести Fresh Zone в верхней камере обеспечивает оптимальные условия для хранения овощей и фруктов, зелени, ягод. Устройство может работать в специальном режиме на протяжении 26 ч для эффективного охлаждения продуктов питания.\r\n\r\nВ морозильной камере расположены выдвижные боксы разного размера для удобного раздельного хранения рыбы, мяса, полуфабрикатов, масла. Холодильник Thomson BFC30EN04 оснащен электронным термостатом и поворотным регулятором для установки соответствующего температурного режима. При открытой в течение 3 мин дверце прозвучит акустический сигнал, который оповещает об изменении условий хранения. Регулируемые ножки позволяют выровнять положение устройства на полу. Двери можно перевесить на противоположную сторону корпуса для удобного открывания холодильника в зависимости от места установки.", "price": "22900.00", "image": "products/h1.webp", "category": "Холодильник"}}, {"model": "app.product", "pk": 17, "fields": {"name": "Холодильник Gorenje NRK6202AW4", "description": "Gorenje NRK6202AW4 — холодильник с двумя камерами и зоной свежести. В нем созданы оптимальные условия для длительного хранения продуктов. В этой модели реализована технология AdaptTech: датчики непрерывно следят за тем, как вы пользуетесь холодильником, и анализируют полученную информацию, чтобы поддерживать постоянную температуру вне зависимости от того, как часто вы открываете дверцу. Технология разморозки No Frost, которая действует в обоих отделениях, делает обслуживание особенно простым.\r\n\r\nХолодильник Gorenje NRK6202AW4 с корпусом белого цвета выглядит лаконично и в то же время элегантно. Он хорошо вписывается в интерьер современной кухни. Электромеханическая система управления обеспечивает полный контроль над настройками. Цифровой дисплей, на который выводится важная информация, находится на внешней стороне двери, поэтому ее не надо открывать, если вы хотите уточнить актуальный температурный режим.", "price": "48900.00", "image": "products/h2.webp", "category": "Холодильник"}}, {"model": "app.product", "pk": 18, "fields": {"name": "Холодильник Midea MDRS791MIE46", "description": "Холодильник Midea MDRS791MIE46 оборудован модулем Wi-Fi, что позволяет управлять настройками и активировать дополнительные функции дистанционно. Яркая LED-лампа обеспечивает равномерное освещение пространства. Устройство поддерживает технологию No Frost. В результате постоянной циркуляции прохладного воздуха внутри камер на стенках и продуктах не образуются иней и наледь. Полки изготовлены из прочного закаленного стекла, поэтому выдерживают высокую нагрузку. В зоне свежести созданы оптимальные условия для хранения овощей, зелени и фруктов.\r\n\r\nХолодильник Midea MDRS791MIE46 оснащен антибактериальным покрытием, которое предотвращает размножение микробов. Встроенный фильтр абсорбирует неприятные запахи. Морозильная камера способна в сутки обработать до 12 кг полуфабрикатов. Режим Super Freeze помогает сохранить максимальное количество полезных веществ ягод, грибов, овощей и мяса при замораживании. На дисплее удобно контролировать режим и температуру. При отключении электроэнергии модель в течение 15 ч поддерживает холод.", "price": "91000.00", "image": "products/h3.webp", "category": "Холодильник"}}, {"model": "app.product", "pk": 19, "fields": {"name": "Смартфон Xiaomi Redmi Note 12 4+128GB Blue", "description": "Смартфон Xiaomi Redmi Note 12 4+128GB Blue изготовлен в форме моноблока. Корпус имеет степень защиты IP53, что делает его устойчивым к воздействию пыли и влаги. Модель поддерживает установку двух Nano-SIM-карт, благодаря чему можно пользоваться мобильной связью от разных операторов. Устройство поставляется с предустановленной ОС Android 13, которая имеет простой и понятный пользовательский интерфейс. Восьмиядерный процессор Snapdragon 685 и оптимальный объем оперативной памяти обеспечивают высокую производительность в режиме многозадачности. Графический ускоритель Adreno 610 и частота обновления экрана 120 Гц создают комфортные условия при просмотре видеоконтента.\r\n\r\nОбъем встроенной памяти 128 ГБ оптимален для хранения большого количества личных данных. Смартфон Xiaomi Redmi Note 12 4+128GB Blue оборудован AMOLED-экраном диагональю 6,67 дюйма и разрешением 2400x1080 пикселей. За счет этого выводимое изображение характеризуется качеством, контрастностью и насыщенностью цветов. Для выхода в интернет предназначен Wi-Fi-модуль. Bluetooth-адаптер позволяет подключать беспроводную гарнитуру. Три основные камеры со встроенной вспышкой и автофокусировкой позволяют создавать качественные фотографии при любом освещении.", "price": "14900.00", "image": "products/t1.webp", "category": "Смартфон"}}, {"model": "app.product", "pk": 20, "fields": {"name": "Смартфон Samsung Galaxy A34 256GB Awesome Silver", "description": "ОБЩИЕ\r\nОперационная системаAndroid\r\nПРОЦЕССОР\r\nМодель процессораDimensity 1080\r\nКоличество ядер8\r\nЧастота процессора2.6 ГГц\r\nПАМЯТЬ\r\nОбъем оперативной памяти8 ГБ\r\nОбъем встроенной памяти256 ГБ\r\nЭКРАН\r\nДиагональ экрана6.6\"\r\nРазрешение экрана2340x1080 Пикс\r\nСТАНДАРТЫ СОТОВОЙ СВЯЗИ\r\nРабота в 4G(LTE)-сетяхЕсть\r\nРабота в 5G-сетяхЕсть\r\nКАМЕРА\r\nРазрешение камеры48+8+5 Мпикс\r\nПИТАНИЕ\r\nЕмкость аккумулятора5000 мА*ч\r\nДРУГИЕ ХАРАКТЕРИСТИКИ\r\nЦветСеребристый\r\nВсе характеристики\r\nСмартфон Samsung Galaxy A34 256GB Awesome Silver оснащен трехмодульной камерой, посредством которой можно создать фотографии в высоком разрешении. Цифровой зум позволяет запечатлеть мельчайшие объекты с высокой детализацией. Яркие кадры при съемках в ночное время суток обеспечивает встроенная вспышка. Для записи динамичного видео без дрожания картинки предусмотрена оптическая стабилизация. Посредством фронтального объектива можно общаться по видеосвязи с друзьями и коллегами по работе.\r\n\r\nСмартфон Samsung Galaxy A34 256GB Awesome Silver имеет 256 ГБ встроенной памяти, чего достаточно для хранения текстовых файлов, фотографий, видео и установки различных приложений, игр. При необходимости объем встроенного накопителя можно увеличить до 1 ТБ посредством дополнительной карты. Для подключения беспроводных наушников и синхронизации устройства с планшетом, ПК, телевизором предусмотрен модуль Bluetooth. Модель имеет степень защиты IP67, благодаря чему внутренние элементы не повреждаются при контакте с водой, пылью и мелким сором.", "price": "34900.00", "image": "products/t2.webp", "category": "Смартфон"}}, {"model": "app.product", "pk": 21, "fields": {"name": "Смартфон Apple iPhone 13 128GB Midnight", "description": "Смартфон Apple iPhone 13 128GB Midnight функционирует на базе операционной системы iOS. Влагонепроницаемый корпус из комбинированных стекла и алюминия защищает внутренние детали от воздействия внешней среды. Шестиядерный процессор A15 Bionic обеспечивает быструю загрузку системы и приложений, а также обработку запросов. Встроенная память объемом 128 ГБ рассчитана на хранение значительного количества файлов и папок с данными. Широкоформатный экран OLED Super Retina XDR оптимален для качественного отображения видео с высокой детализацией и реалистичной цветопередачей.\r\n\r\nСмартфон Apple iPhone 13 128GB Midnight имеет слот для Nano-SIM-карты. За счет встроенного модуля Wi-Fi обеспечивается доступ к онлайн-ресурсам. Для передачи данных без использования кабеля, а также для синхронизации с совместимыми устройствами модель оснащена адаптером Bluetooth. Для бесконтактной оплаты удобно использовать модуль NFC. Камера с двойным модулем обеспечивает комфортные условия для создания фото или видео при разных условиях освещения. Для селфи можно использовать фронтальный объектив. Сенсор распознавания лица и сканер отпечатка пальца оптимален для ограничения доступа к данным, которые хранятся на устройстве.", "price": "74900.00", "image": "products/t3.webp", "category": "Смартфон"}}, {"model": "app.cart", "pk": 1, "fields": {"user": 4}}, {"model": "app.order", "pk": 36, "fields": {"user": 4, "created_at": "2023-12-25T20:00:00.622Z", "status": "ready"}}, {"model": "app.order", "pk": 37, "fields": {"user": 6, "created_at": "2023-12-25T21:47:44.951Z", "status": "ready"}}, {"model": "app.order", "pk": 38, "fields": {"user": 6, "created_at": "2023-12-25T21:47:49.955Z", "status": "canceled"}}, {"model": "app.order", "pk": 39, "fields": {"user": 7, "created_at": "2023-12-25T22:14:34.413Z", "status": "created"}}, {"model": "app.order", "pk": 40, "fields": {"user": 1, "created_at": "2024-04-03T16:57:56.643Z", "status": "created"}}, {"model": "app.order", "pk": 41, "fields": {"user": 1, "created_at": "2024-04-03T17:05:47.474Z", "status": "created"}}, {"model": "app.order", "pk": 42, "fields": {"user": 1, "created_at": "2024-04-03T17:05:56.417Z", "status": "created"}}, {"model": "app.order", "pk": 43, "fields": {"user": 1, "created_at": "2024-04-26T08:21:43.357Z", "status": "created"}}, {"model": "app.orderitem", "pk": 17, "fields": {"order": 36, "product": 13, "quantity": 1}}, {"model": "app.orderitem", "pk": 18, "fields": {"order": 36, "product": 18, "quantity": 1}}, {"model": "app.orderitem", "pk": 19, "fields": {"order": 36, "product": 19, "quantity": 1}}, {"model": "app.orderitem", "pk": 20, "fields": {"order": 37, "product": 13, "quantity": 1}}, {"model": "app.orderitem", "pk": 21, "fields": {"order": 38, "product": 14, "quantity": 1}}, {"model": "app.orderitem", "pk": 22, "fields": {"order": 39, "product": 13, "quantity": 1}}, {"model": "app.orderitem", "pk": 23, "fields": {"order": 39, "product": 19, "quantity": 2}}, {"model": "app.orderitem", "pk": 24, "fields": {"order": 40, "product": 13, "quantity": 1}}, {"model": "app.orderitem", "pk": 25, "fields": {"order": 41, "product": 16, "quantity": 1}}, {"model": "app.orderitem", "pk": 26, "fields": {"order": 42, "product": 14, "quantity": 3}}, {"model": "app.orderitem", "pk": 27, "fields": {"order": 43, "product": 13, "quantity": 1}}, {"model": "admin.logentry", "pk": 1, "fields": {"action_time": "2023-04-03T13:01:01.657Z", "user": 1, "content_type": 4, "object_id": "3", "object_repr": "savasob1", "action_flag": 1, "change_message": "[{\"added\": {}}]"}}, {"model": "admin.logentry", "pk": 2, "fields": {"action_time": "2023-04-03T13:01:50.933Z", "user": 1, "content_type": 4, "object_id": "3", "object_repr": "savasob1", "action_flag": 2, "change_message": "[{\"changed\": {\"fields\": [\"First name\", \"Last name\", \"Email address\"]}}]"}}, {"model": "admin.logentry", "pk": 3, "fields": {"action_time": "2023-04-03T13:35:09.967Z", "user": 1, "content_type": 7, "object_id": "1", "object_repr": "Galaxy S23", "action_flag": 1, "change_message": "[{\"added\": {}}]"}}, {"model": "admin.logentry", "pk": 4, "fields": {"action_time": "2023-04-03T13:37:21.895Z", "user": 1, "content_type": 7, "object_id": "2", "object_repr": "Haier HW70-BP12969A", "action_flag": 1, "change_message": "[{\"added\": {}}]"}}, {"model": "admin.logentry", "pk": 5, "fields": {"action_time": "2023-04-03T13:38:34.606Z", "user": 1, "content_type": 7, "object_id": "3", "object_repr": "Идеальный телевизор для домашнего кинотеатра — какой он?", "action_flag": 1, "change_message": "[{\"added\": {}}]"}}, {"model": "admin.logentry", "pk": 6, "fields": {"action_time": "2023-04-03T13:47:22.240Z", "user": 1, "content_type": 7, "object_id": "4", "object_repr": "5 главных отличий современных холодильников от старых моделей", "action_flag": 1, "change_message": "[{\"added\": {}}]"}}, {"model": "admin.logentry", "pk": 7, "fields": {"action_time": "2023-04-03T13:47:26.063Z", "user": 1, "content_type": 7, "object_id": "4", "object_repr": "5 главных отличий современных холодильников от старых моделей", "action_flag": 2, "change_message": "[]"}}, {"model": "admin.logentry", "pk": 8, "fields": {"action_time": "2023-12-25T17:05:06.468Z", "user": 4, "content_type": 13, "object_id": "34", "object_repr": "Order 34 - ready", "action_flag": 2, "change_message": "[{\"changed\": {\"fields\": [\"Status\"]}}]"}}, {"model": "admin.logentry", "pk": 9, "fields": {"action_time": "2023-12-25T18:56:44.582Z", "user": 4, "content_type": 13, "object_id": "35", "object_repr": "Order 35 - created", "action_flag": 3, "change_message": ""}}, {"model": "admin.logentry", "pk": 10, "fields": {"action_time": "2023-12-25T18:56:44.588Z", "user": 4, "content_type": 13, "object_id": "34", "object_repr": "Order 34 - ready", "action_flag": 3, "change_message": ""}}, {"model": "admin.logentry", "pk": 11, "fields": {"action_time": "2023-12-25T18:56:44.593Z", "user": 4, "content_type": 13, "object_id": "33", "object_repr": "Order 33 - created", "action_flag": 3, "change_message": ""}}, {"model": "admin.logentry", "pk": 12, "fields": {"action_time": "2023-12-25T18:56:44.599Z", "user": 4, "content_type": 13, "object_id": "32", "object_repr": "Order 32 - canceled", "action_flag": 3, "change_message": ""}}, {"model": "admin.logentry", "pk": 13, "fields": {"action_time": "2023-12-25T18:56:44.604Z", "user": 4, "content_type": 13, "object_id": "31", "object_repr": "Order 31 - canceled", "action_flag": 3, "change_message": ""}}, {"model": "admin.logentry", "pk": 14, "fields": {"action_time": "2023-12-25T18:56:44.609Z", "user": 4, "content_type": 13, "object_id": "30", "object_repr": "Order 30 - canceled", "action_flag": 3, "change_message": ""}}, {"model": "admin.logentry", "pk": 15, "fields": {"action_time": "2023-12-25T18:56:44.615Z", "user": 4, "content_type": 13, "object_id": "29", "object_repr": "Order 29 - created", "action_flag": 3, "change_message": ""}}, {"model": "admin.logentry", "pk": 16, "fields": {"action_time": "2023-12-25T18:56:44.620Z", "user": 4, "content_type": 13, "object_id": "28", "object_repr": "Order 28 - created", "action_flag": 3, "change_message": ""}}, {"model": "admin.logentry", "pk": 17, "fields": {"action_time": "2023-12-25T18:56:44.625Z", "user": 4, "content_type": 13, "object_id": "27", "object_repr": "Order 27 - created", "action_flag": 3, "change_message": ""}}, {"model": "admin.logentry", "pk": 18, "fields": {"action_time": "2023-12-25T18:56:44.631Z", "user": 4, "content_type": 13, "object_id": "26", "object_repr": "Order 26 - created", "action_flag": 3, "change_message": ""}}, {"model": "admin.logentry", "pk": 19, "fields": {"action_time": "2023-12-25T18:56:44.636Z", "user": 4, "content_type": 13, "object_id": "25", "object_repr": "Order 25 - created", "action_flag": 3, "change_message": ""}}, {"model": "admin.logentry", "pk": 20, "fields": {"action_time": "2023-12-25T18:56:44.641Z", "user": 4, "content_type": 13, "object_id": "24", "object_repr": "Order 24 - created", "action_flag": 3, "change_message": ""}}, {"model": "admin.logentry", "pk": 21, "fields": {"action_time": "2023-12-25T18:56:44.647Z", "user": 4, "content_type": 13, "object_id": "23", "object_repr": "Order 23 - created", "action_flag": 3, "change_message": ""}}, {"model": "admin.logentry", "pk": 22, "fields": {"action_time": "2023-12-25T18:56:44.652Z", "user": 4, "content_type": 13, "object_id": "22", "object_repr": "Order 22 - created", "action_flag": 3, "change_message": ""}}, {"model": "admin.logentry", "pk": 23, "fields": {"action_time": "2023-12-25T18:56:44.657Z", "user": 4, "content_type": 13, "object_id": "21", "object_repr": "Order 21 - created", "action_flag": 3, "change_message": ""}}, {"model": "admin.logentry", "pk": 24, "fields": {"action_time": "2023-12-25T18:56:44.662Z", "user": 4, "content_type": 13, "object_id": "20", "object_repr": "Order 20 - created", "action_flag": 3, "change_message": ""}}, {"model": "admin.logentry", "pk": 25, "fields": {"action_time": "2023-12-25T18:56:44.667Z", "user": 4, "content_type": 13, "object_id": "19", "object_repr": "Order 19 - created", "action_flag": 3, "change_message": ""}}, {"model": "admin.logentry", "pk": 26, "fields": {"action_time": "2023-12-25T18:56:44.672Z", "user": 4, "content_type": 13, "object_id": "18", "object_repr": "Order 18 - created", "action_flag": 3, "change_message": ""}}, {"model": "admin.logentry", "pk": 27, "fields": {"action_time": "2023-12-25T18:56:44.678Z", "user": 4, "content_type": 13, "object_id": "17", "object_repr": "Order 17 - created", "action_flag": 3, "change_message": ""}}, {"model": "admin.logentry", "pk": 28, "fields": {"action_time": "2023-12-25T18:56:44.683Z", "user": 4, "content_type": 13, "object_id": "16", "object_repr": "Order 16 - created", "action_flag": 3, "change_message": ""}}, {"model": "admin.logentry", "pk": 29, "fields": {"action_time": "2023-12-25T18:56:44.688Z", "user": 4, "content_type": 13, "object_id": "15", "object_repr": "Order 15 - created", "action_flag": 3, "change_message": ""}}, {"model": "admin.logentry", "pk": 30, "fields": {"action_time": "2023-12-25T18:56:44.693Z", "user": 4, "content_type": 13, "object_id": "14", "object_repr": "Order 14 - created", "action_flag": 3, "change_message": ""}}, {"model": "admin.logentry", "pk": 31, "fields": {"action_time": "2023-12-25T18:56:44.699Z", "user": 4, "content_type": 13, "object_id": "13", "object_repr": "Order 13 - created", "action_flag": 3, "change_message": ""}}, {"model": "admin.logentry", "pk": 32, "fields": {"action_time": "2023-12-25T18:56:44.704Z", "user": 4, "content_type": 13, "object_id": "12", "object_repr": "Order 12 - created", "action_flag": 3, "change_message": ""}}, {"model": "admin.logentry", "pk": 33, "fields": {"action_time": "2023-12-25T18:56:44.709Z", "user": 4, "content_type": 13, "object_id": "11", "object_repr": "Order 11 - created", "action_flag": 3, "change_message": ""}}, {"model": "admin.logentry", "pk": 34, "fields": {"action_time": "2023-12-25T18:56:44.714Z", "user": 4, "content_type": 13, "object_id": "10", "object_repr": "Order 10 - created", "action_flag": 3, "change_message": ""}}, {"model": "admin.logentry", "pk": 35, "fields": {"action_time": "2023-12-25T18:56:44.719Z", "user": 4, "content_type": 13, "object_id": "9", "object_repr": "Order 9 - created", "action_flag": 3, "change_message": ""}}, {"model": "admin.logentry", "pk": 36, "fields": {"action_time": "2023-12-25T18:56:44.724Z", "user": 4, "content_type": 13, "object_id": "8", "object_repr": "Order 8 - created", "action_flag": 3, "change_message": ""}}, {"model": "admin.logentry", "pk": 37, "fields": {"action_time": "2023-12-25T18:56:44.730Z", "user": 4, "content_type": 13, "object_id": "7", "object_repr": "Order 7 - created", "action_flag": 3, "change_message": ""}}, {"model": "admin.logentry", "pk": 38, "fields": {"action_time": "2023-12-25T18:56:44.735Z", "user": 4, "content_type": 13, "object_id": "6", "object_repr": "Order 6 - created", "action_flag": 3, "change_message": ""}}, {"model": "admin.logentry", "pk": 39, "fields": {"action_time": "2023-12-25T18:56:44.740Z", "user": 4, "content_type": 13, "object_id": "5", "object_repr": "Order 5 - created", "action_flag": 3, "change_message": ""}}, {"model": "admin.logentry", "pk": 40, "fields": {"action_time": "2023-12-25T18:56:44.745Z", "user": 4, "content_type": 13, "object_id": "4", "object_repr": "Order 4 - created", "action_flag": 3, "change_message": ""}}, {"model": "admin.logentry", "pk": 41, "fields": {"action_time": "2023-12-25T18:56:44.750Z", "user": 4, "content_type": 13, "object_id": "3", "object_repr": "Order 3 - created", "action_flag": 3, "change_message": ""}}, {"model": "admin.logentry", "pk": 42, "fields": {"action_time": "2023-12-25T18:56:44.755Z", "user": 4, "content_type": 13, "object_id": "2", "object_repr": "Order 2 - created", "action_flag": 3, "change_message": ""}}, {"model": "admin.logentry", "pk": 43, "fields": {"action_time": "2023-12-25T18:56:44.761Z", "user": 4, "content_type": 13, "object_id": "1", "object_repr": "Order 1 - created", "action_flag": 3, "change_message": ""}}, {"model": "admin.logentry", "pk": 44, "fields": {"action_time": "2023-12-25T19:01:48.257Z", "user": 4, "content_type": 10, "object_id": "12", "object_repr": "qqq", "action_flag": 3, "change_message": ""}}, {"model": "admin.logentry", "pk": 45, "fields": {"action_time": "2023-12-25T19:01:48.262Z", "user": 4, "content_type": 10, "object_id": "11", "object_repr": "12321", "action_flag": 3, "change_message": ""}}, {"model": "admin.logentry", "pk": 46, "fields": {"action_time": "2023-12-25T19:01:48.268Z", "user": 4, "content_type": 10, "object_id": "10", "object_repr": "12321", "action_flag": 3, "change_message": ""}}, {"model": "admin.logentry", "pk": 47, "fields": {"action_time": "2023-12-25T19:01:48.274Z", "user": 4, "content_type": 10, "object_id": "9", "object_repr": "12321", "action_flag": 3, "change_message": ""}}, {"model": "admin.logentry", "pk": 48, "fields": {"action_time": "2023-12-25T19:01:48.279Z", "user": 4, "content_type": 10, "object_id": "8", "object_repr": "12321", "action_flag": 3, "change_message": ""}}, {"model": "admin.logentry", "pk": 49, "fields": {"action_time": "2023-12-25T19:01:48.285Z", "user": 4, "content_type": 10, "object_id": "7", "object_repr": "dfsdfsdfds", "action_flag": 3, "change_message": ""}}, {"model": "admin.logentry", "pk": 50, "fields": {"action_time": "2023-12-25T19:01:48.290Z", "user": 4, "content_type": 10, "object_id": "6", "object_repr": "2342", "action_flag": 3, "change_message": ""}}, {"model": "admin.logentry", "pk": 51, "fields": {"action_time": "2023-12-25T19:01:48.295Z", "user": 4, "content_type": 10, "object_id": "5", "object_repr": "2222", "action_flag": 3, "change_message": ""}}, {"model": "admin.logentry", "pk": 52, "fields": {"action_time": "2023-12-25T19:01:48.300Z", "user": 4, "content_type": 10, "object_id": "4", "object_repr": "222", "action_flag": 3, "change_message": ""}}, {"model": "admin.logentry", "pk": 53, "fields": {"action_time": "2023-12-25T19:01:48.305Z", "user": 4, "content_type": 10, "object_id": "3", "object_repr": "хрен", "action_flag": 3, "change_message": ""}}, {"model": "admin.logentry", "pk": 54, "fields": {"action_time": "2023-12-25T19:01:48.310Z", "user": 4, "content_type": 10, "object_id": "2", "object_repr": "губка", "action_flag": 3, "change_message": ""}}, {"model": "admin.logentry", "pk": 55, "fields": {"action_time": "2023-12-25T19:01:48.316Z", "user": 4, "content_type": 10, "object_id": "1", "object_repr": "213", "action_flag": 3, "change_message": ""}}, {"model": "admin.logentry", "pk": 56, "fields": {"action_time": "2023-12-25T20:44:17.954Z", "user": 4, "content_type": 10, "object_id": "13", "object_repr": "Cтиральная машина Haier HW60-BP12919A White", "action_flag": 2, "change_message": "[]"}}, {"model": "admin.logentry", "pk": 57, "fields": {"action_time": "2023-12-25T20:44:23.200Z", "user": 4, "content_type": 10, "object_id": "15", "object_repr": "Стиральная машина Beko WSPE7612A", "action_flag": 2, "change_message": "[]"}}, {"model": "admin.logentry", "pk": 58, "fields": {"action_time": "2023-12-25T20:44:28.940Z", "user": 4, "content_type": 10, "object_id": "15", "object_repr": "Стиральная машина Beko WSPE7612A", "action_flag": 2, "change_message": "[]"}}, {"model": "admin.logentry", "pk": 59, "fields": {"action_time": "2023-12-25T20:44:34.226Z", "user": 4, "content_type": 10, "object_id": "14", "object_repr": "Стиральная машина Hisense WFQP6012VM", "action_flag": 2, "change_message": "[]"}}, {"model": "admin.logentry", "pk": 60, "fields": {"action_time": "2023-12-25T20:44:37.869Z", "user": 4, "content_type": 10, "object_id": "13", "object_repr": "Cтиральная машина Haier HW60-BP12919A White", "action_flag": 2, "change_message": "[{\"changed\": {\"fields\": [\"Category\"]}}]"}}, {"model": "admin.logentry", "pk": 61, "fields": {"action_time": "2023-12-25T20:59:57.303Z", "user": 4, "content_type": 4, "object_id": "6", "object_repr": "menedger", "action_flag": 1, "change_message": "[{\"added\": {}}]"}}, {"model": "admin.logentry", "pk": 62, "fields": {"action_time": "2023-12-25T21:00:20.476Z", "user": 4, "content_type": 4, "object_id": "6", "object_repr": "menedger", "action_flag": 2, "change_message": "[{\"changed\": {\"fields\": [\"Staff status\"]}}]"}}, {"model": "admin.logentry", "pk": 63, "fields": {"action_time": "2023-12-25T21:01:28.795Z", "user": 4, "content_type": 4, "object_id": "6", "object_repr": "menedger", "action_flag": 2, "change_message": "[{\"changed\": {\"fields\": [\"User permissions\"]}}]"}}, {"model": "admin.logentry", "pk": 64, "fields": {"action_time": "2023-12-25T21:02:17.972Z", "user": 4, "content_type": 4, "object_id": "6", "object_repr": "menedger", "action_flag": 2, "change_message": "[{\"changed\": {\"fields\": [\"Superuser status\"]}}]"}}, {"model": "admin.logentry", "pk": 65, "fields": {"action_time": "2023-12-25T22:00:42.838Z", "user": 6, "content_type": 3, "object_id": "1", "object_repr": "menedger", "action_flag": 1, "change_message": "[{\"added\": {}}]"}}, {"model": "admin.logentry", "pk": 66, "fields": {"action_time": "2023-12-25T22:01:09.944Z", "user": 6, "content_type": 3, "object_id": "1", "object_repr": "menedger", "action_flag": 3, "change_message": ""}}, {"model": "admin.logentry", "pk": 67, "fields": {"action_time": "2023-12-25T22:01:26.784Z", "user": 6, "content_type": 3, "object_id": "2", "object_repr": "menedger", "action_flag": 1, "change_message": "[{\"added\": {}}]"}}, {"model": "admin.logentry", "pk": 68, "fields": {"action_time": "2023-12-25T22:01:38.230Z", "user": 6, "content_type": 4, "object_id": "6", "object_repr": "menedger", "action_flag": 2, "change_message": "[{\"changed\": {\"fields\": [\"Groups\"]}}]"}}, {"model": "admin.logentry", "pk": 69, "fields": {"action_time": "2023-12-25T22:06:53.693Z", "user": 6, "content_type": 4, "object_id": "6", "object_repr": "menedger", "action_flag": 2, "change_message": "[{\"changed\": {\"fields\": [\"Superuser status\"]}}]"}}, {"model": "admin.logentry", "pk": 70, "fields": {"action_time": "2023-12-25T22:09:55.678Z", "user": 6, "content_type": 3, "object_id": "2", "object_repr": "menedger", "action_flag": 2, "change_message": "[{\"changed\": {\"fields\": [\"Permissions\"]}}]"}}, {"model": "admin.logentry", "pk": 71, "fields": {"action_time": "2023-12-25T22:13:16.738Z", "user": 4, "content_type": 7, "object_id": "5", "object_repr": "тестт", "action_flag": 3, "change_message": ""}}, {"model": "admin.logentry", "pk": 72, "fields": {"action_time": "2024-04-26T12:13:22.722Z", "user": 1, "content_type": 3, "object_id": "3", "object_repr": "admin", "action_flag": 1, "change_message": "[{\"added\": {}}]"}}, {"model": "admin.logentry", "pk": 73, "fields": {"action_time": "2024-04-26T12:13:48.062Z", "user": 1, "content_type": 3, "object_id": "3", "object_repr": "admin", "action_flag": 2, "change_message": "[{\"changed\": {\"fields\": [\"Permissions\"]}}]"}}, {"model": "admin.logentry", "pk": 74, "fields": {"action_time": "2024-04-26T12:15:49.952Z", "user": 1, "content_type": 3, "object_id": "3", "object_repr": "admin", "action_flag": 2, "change_message": "[{\"changed\": {\"fields\": [\"Permissions\"]}}]"}}, {"model": "admin.logentry", "pk": 75, "fields": {"action_time": "2024-04-28T10:03:04.004Z", "user": 1, "content_type": 3, "object_id": "3", "object_repr": "admin", "action_flag": 3, "change_message": ""}}, {"model": "admin.logentry", "pk": 76, "fields": {"action_time": "2024-04-28T10:12:09.785Z", "user": 1, "content_type": 3, "object_id": "4", "object_repr": "manager", "action_flag": 1, "change_message": "[{\"added\": {}}]"}}, {"model": "admin.logentry", "pk": 77, "fields": {"action_time": "2024-04-28T10:14:40.733Z", "user": 1, "content_type": 3, "object_id": "4", "object_repr": "manager", "action_flag": 3, "change_message": ""}}, {"model": "admin.logentry", "pk": 78, "fields": {"action_time": "2024-04-28T10:16:24.092Z", "user": 1, "content_type": 3, "object_id": "2", "object_repr": "menedger", "action_flag": 2, "change_message": "[{\"changed\": {\"fields\": [\"Permissions\"]}}]"}}, {"model": "auth.permission", "pk": 1, "fields": {"name": "Can add log entry", "content_type": 1, "codename": "add_logentry"}}, {"model": "auth.permission", "pk": 2, "fields": {"name": "Can change log entry", "content_type": 1, "codename": "change_logentry"}}, {"model": "auth.permission", "pk": 3, "fields": {"name": "Can delete log entry", "content_type": 1, "codename": "delete_logentry"}}, {"model": "auth.permission", "pk": 4, "fields": {"name": "Can view log entry", "content_type": 1, "codename": "view_logentry"}}, {"model": "auth.permission", "pk": 5, "fields": {"name": "Can add permission", "content_type": 2, "codename": "add_permission"}}, {"model": "auth.permission", "pk": 6, "fields": {"name": "Can change permission", "content_type": 2, "codename": "change_permission"}}, {"model": "auth.permission", "pk": 7, "fields": {"name": "Can delete permission", "content_type": 2, "codename": "delete_permission"}}, {"model": "auth.permission", "pk": 8, "fields": {"name": "Can view permission", "content_type": 2, "codename": "view_permission"}}, {"model": "auth.permission", "pk": 9, "fields": {"name": "Can add group", "content_type": 3, "codename": "add_group"}}, {"model": "auth.permission", "pk": 10, "fields": {"name": "Can change group", "content_type": 3, "codename": "change_group"}}, {"model": "auth.permission", "pk": 11, "fields": {"name": "Can delete group", "content_type": 3, "codename": "delete_group"}}, {"model": "auth.permission", "pk": 12, "fields": {"name": "Can view group", "content_type": 3, "codename": "view_group"}}, {"model": "auth.permission", "pk": 13, "fields": {"name": "Can add user", "content_type": 4, "codename": "add_user"}}, {"model": "auth.permission", "pk": 14, "fields": {"name": "Can change user", "content_type": 4, "codename": "change_user"}}, {"model": "auth.permission", "pk": 15, "fields": {"name": "Can delete user", "content_type": 4, "codename": "delete_user"}}, {"model": "auth.permission", "pk": 16, "fields": {"name": "Can view user", "content_type": 4, "codename": "view_user"}}, {"model": "auth.permission", "pk": 17, "fields": {"name": "Can add content type", "content_type": 5, "codename": "add_contenttype"}}, {"model": "auth.permission", "pk": 18, "fields": {"name": "Can change content type", "content_type": 5, "codename": "change_contenttype"}}, {"model": "auth.permission", "pk": 19, "fields": {"name": "Can delete content type", "content_type": 5, "codename": "delete_contenttype"}}, {"model": "auth.permission", "pk": 20, "fields": {"name": "Can view content type", "content_type": 5, "codename": "view_contenttype"}}, {"model": "auth.permission", "pk": 21, "fields": {"name": "Can add session", "content_type": 6, "codename": "add_session"}}, {"model": "auth.permission", "pk": 22, "fields": {"name": "Can change session", "content_type": 6, "codename": "change_session"}}, {"model": "auth.permission", "pk": 23, "fields": {"name": "Can delete session", "content_type": 6, "codename": "delete_session"}}, {"model": "auth.permission", "pk": 24, "fields": {"name": "Can view session", "content_type": 6, "codename": "view_session"}}, {"model": "auth.permission", "pk": 25, "fields": {"name": "Can add blog", "content_type": 7, "codename": "add_blog"}}, {"model": "auth.permission", "pk": 26, "fields": {"name": "Can change blog", "content_type": 7, "codename": "change_blog"}}, {"model": "auth.permission", "pk": 27, "fields": {"name": "Can delete blog", "content_type": 7, "codename": "delete_blog"}}, {"model": "auth.permission", "pk": 28, "fields": {"name": "Can view blog", "content_type": 7, "codename": "view_blog"}}, {"model": "auth.permission", "pk": 29, "fields": {"name": "Can add Комментарии к статье блога", "content_type": 8, "codename": "add_comment"}}, {"model": "auth.permission", "pk": 30, "fields": {"name": "Can change Комментарии к статье блога", "content_type": 8, "codename": "change_comment"}}, {"model": "auth.permission", "pk": 31, "fields": {"name": "Can delete Комментарии к статье блога", "content_type": 8, "codename": "delete_comment"}}, {"model": "auth.permission", "pk": 32, "fields": {"name": "Can view Комментарии к статье блога", "content_type": 8, "codename": "view_comment"}}, {"model": "auth.permission", "pk": 33, "fields": {"name": "Can add category", "content_type": 9, "codename": "add_category"}}, {"model": "auth.permission", "pk": 34, "fields": {"name": "Can change category", "content_type": 9, "codename": "change_category"}}, {"model": "auth.permission", "pk": 35, "fields": {"name": "Can delete category", "content_type": 9, "codename": "delete_category"}}, {"model": "auth.permission", "pk": 36, "fields": {"name": "Can view category", "content_type": 9, "codename": "view_category"}}, {"model": "auth.permission", "pk": 37, "fields": {"name": "Can add product", "content_type": 10, "codename": "add_product"}}, {"model": "auth.permission", "pk": 38, "fields": {"name": "Can change product", "content_type": 10, "codename": "change_product"}}, {"model": "auth.permission", "pk": 39, "fields": {"name": "Can delete product", "content_type": 10, "codename": "delete_product"}}, {"model": "auth.permission", "pk": 40, "fields": {"name": "Can view product", "content_type": 10, "codename": "view_product"}}, {"model": "auth.permission", "pk": 41, "fields": {"name": "Can add cart", "content_type": 11, "codename": "add_cart"}}, {"model": "auth.permission", "pk": 42, "fields": {"name": "Can change cart", "content_type": 11, "codename": "change_cart"}}, {"model": "auth.permission", "pk": 43, "fields": {"name": "Can delete cart", "content_type": 11, "codename": "delete_cart"}}, {"model": "auth.permission", "pk": 44, "fields": {"name": "Can view cart", "content_type": 11, "codename": "view_cart"}}, {"model": "auth.permission", "pk": 45, "fields": {"name": "Can add cart item", "content_type": 12, "codename": "add_cartitem"}}, {"model": "auth.permission", "pk": 46, "fields": {"name": "Can change cart item", "content_type": 12, "codename": "change_cartitem"}}, {"model": "auth.permission", "pk": 47, "fields": {"name": "Can delete cart item", "content_type": 12, "codename": "delete_cartitem"}}, {"model": "auth.permission", "pk": 48, "fields": {"name": "Can view cart item", "content_type": 12, "codename": "view_cartitem"}}, {"model": "auth.permission", "pk": 49, "fields": {"name": "Can add order", "content_type": 13, "codename": "add_order"}}, {"model": "auth.permission", "pk": 50, "fields": {"name": "Can change order", "content_type": 13, "codename": "change_order"}}, {"model": "auth.permission", "pk": 51, "fields": {"name": "Can delete order", "content_type": 13, "codename": "delete_order"}}, {"model": "auth.permission", "pk": 52, "fields": {"name": "Can view order", "content_type": 13, "codename": "view_order"}}, {"model": "auth.permission", "pk": 53, "fields": {"name": "Can add order item", "content_type": 14, "codename": "add_orderitem"}}, {"model": "auth.permission", "pk": 54, "fields": {"name": "Can change order item", "content_type": 14, "codename": "change_orderitem"}}, {"model": "auth.permission", "pk": 55, "fields": {"name": "Can delete order item", "content_type": 14, "codename": "delete_orderitem"}}, {"model": "auth.permission", "pk": 56, "fields": {"name": "Can view order item", "content_type": 14, "codename": "view_orderitem"}}, {"model": "auth.group", "pk": 2, "fields": {"name": "menedger", "permissions": []}}, {"model": "auth.user", "pk": 1, "fields": {"password": "pbkdf2_sha256$720000$u4fdLwW3W2VunwgGbBlWtA$LoYEqjcSxzcvRQqMLhg0dR64OctZ/gzZOjAvRg/FNCI=", "last_login": "2024-04-28T10:13:08.579Z", "is_superuser": true, "username": "admin", "first_name": "", "last_name": "", "email": "sobo754@mail.ru", "is_staff": true, "is_active": true, "date_joined": "2023-04-03T12:22:02.529Z", "groups": [], "user_permissions": []}}, {"model": "auth.user", "pk": 2, "fields": {"password": "pbkdf2_sha256$720000$odZnSclNkt7njKHVuUQClw$Hc/yXfGsiYaw60ALHmvCsFcVSnkXIb21kxM/EliCNhE=", "last_login": "2024-04-26T12:02:05.214Z", "is_superuser": false, "username": "savasob", "first_name": "", "last_name": "", "email": "", "is_staff": false, "is_active": true, "date_joined": "2023-04-03T15:55:03.061Z", "groups": [], "user_permissions": []}}, {"model": "auth.user", "pk": 3, "fields": {"password": "pbkdf2_sha256$390000$PtQJtdIxxA7sph7pQV2yaJ$n8cRWxf1AUhCvq1ozroPz77BrZP/eACsdst2VqlAeqA=", "last_login": "2023-04-03T13:02:19.857Z", "is_superuser": false, "username": "savasob1", "first_name": "Алекс", "last_name": "Пупкин", "email": "sobowot@mail.ru", "is_staff": false, "is_active": true, "date_joined": "2023-04-03T13:01:01Z", "groups": [], "user_permissions": []}}, {"model": "auth.user", "pk": 4, "fields": {"password": "pbkdf2_sha256$720000$5tOizmSIxLVWDzegoa4hQU$YkgXc6626lSUDyN3WDmHsogDQ0yFgfTZlV10Z27U6ng=", "last_login": "2024-04-26T12:01:35.516Z", "is_superuser": true, "username": "sava", "first_name": "", "last_name": "", "email": "sobo754@mail.ru", "is_staff": true, "is_active": true, "date_joined": "2023-12-20T14:57:30.214Z", "groups": [], "user_permissions": []}}, {"model": "auth.user", "pk": 5, "fields": {"password": "pbkdf2_sha256$720000$Am63JiJf78oBtxlHI7r7wk$C1qGQXJvqqF534M46DyUkdNVsQk8gU2ahwnX38mo0G4=", "last_login": "2023-12-25T15:57:04.288Z", "is_superuser": false, "username": "miha", "first_name": "", "last_name": "", "email": "", "is_staff": false, "is_active": true, "date_joined": "2023-12-25T18:56:55.936Z", "groups": [], "user_permissions": []}}, {"model": "auth.user", "pk": 6, "fields": {"password": "pbkdf2_sha256$720000$qIGuWVml6O91ksKjeFee2b$dTJrdHov/sePKnpsfRPSccMQNf0A3XhLxnG1mjml2cw=", "last_login": "2024-04-28T11:11:17.309Z", "is_superuser": false, "username": "menedger", "first_name": "", "last_name": "", "email": "", "is_staff": true, "is_active": true, "date_joined": "2023-12-25T20:59:57Z", "groups": [2], "user_permissions": [1, 2, 3, 4, 25, 26, 27, 28, 41, 42, 43, 44, 45, 46, 47, 48, 33, 34, 35, 36, 29, 30, 31, 32, 49, 50, 51, 52, 53, 54, 55, 56, 37, 38, 39, 40, 9, 10, 11, 12, 5, 6, 7, 8, 13, 14, 15, 16, 17, 18, 19, 20, 21, 22, 23, 24]}}, {"model": "auth.user", "pk": 7, "fields": {"password": "pbkdf2_sha256$600000$2Yub2OjK5MhIYV5RbW1bJA$poI3oRLFqT8A3LGvV8ld8UHOeZvpWJCkCSHH6zyH/gs=", "last_login": "2023-12-25T22:14:06.321Z", "is_superuser": false, "username": "sobolev", "first_name": "", "last_name": "", "email": "", "is_staff": false, "is_active": true, "date_joined": "2023-12-26T01:12:39.427Z", "groups": [], "user_permissions": []}}, {"model": "auth.user", "pk": 8, "fields": {"password": "pbkdf2_sha256$720000$JqQQIPsvQfE0QqxKm8uXVF$6wc2Fyrq3OJ+0Q7vibV6ZUYfTRVnG40Iw871DXJmmC8=", "last_login": "2023-12-26T16:17:49.376Z", "is_superuser": false, "username": "sobo", "first_name": "", "last_name": "", "email": "", "is_staff": false, "is_active": true, "date_joined": "2023-12-26T19:17:38.929Z", "groups": [], "user_permissions": []}}, {"model": "auth.user", "pk": 9, "fields": {"password": "pbkdf2_sha256$720000$IsXXOI3Wl9p6jO4gBD17yz$aNubnFwKpWXaeQpNjW4OtBy2QXzmJZNkhTVZTslqaGA=", "last_login": "2024-04-28T09:57:38.155Z", "is_superuser": false, "username": "savasob123", "first_name": "", "last_name": "", "email": "", "is_staff": false, "is_active": true, "date_joined": "2024-04-26T15:02:33.425Z", "groups": [], "user_permissions": []}}, {"model": "auth.user", "pk": 10, "fields": {"password": "pbkdf2_sha256$720000$i4JsnUHOfKBufU5k1lQoOs$6d41IfnJTEb2GGeuJt0L4QD/1weteMZwy0rJybvVnrA=", "last_login": "2024-04-28T10:17:10.660Z", "is_superuser": false, "username": "manager", "first_name": "", "last_name": "", "email": "", "is_staff": false, "is_active": true, "date_joined": "2024-04-28T13:11:02.239Z", "groups": [], "user_permissions": []}}, {"model": "contenttypes.contenttype", "pk": 1, "fields": {"app_label": "admin", "model": "logentry"}}, {"model": "contenttypes.contenttype", "pk": 2, "fields": {"app_label": "auth", "model": "permission"}}, {"model": "contenttypes.contenttype", "pk": 3, "fields": {"app_label": "auth", "model": "group"}}, {"model": "contenttypes.contenttype", "pk": 4, "fields": {"app_label": "auth", "model": "user"}}, {"model": "contenttypes.contenttype", "pk": 5, "fields": {"app_label": "contenttypes", "model": "contenttype"}}, {"model": "contenttypes.contenttype", "pk": 6, "fields": {"app_label": "sessions", "model": "session"}}, {"model": "contenttypes.contenttype", "pk": 7, "fields": {"app_label": "app", "model": "blog"}}, {"model": "contenttypes.contenttype", "pk": 8, "fields": {"app_label": "app", "model": "comment"}}, {"model": "contenttypes.contenttype", "pk": 9, "fields": {"app_label": "app", "model": "category"}}, {"model": "contenttypes.contenttype", "pk": 10, "fields": {"app_label": "app", "model": "product"}}, {"model": "contenttypes.contenttype", "pk": 11, "fields": {"app_label": "app", "model": "cart"}}, {"model": "contenttypes.contenttype", "pk": 12, "fields": {"app_label": "app", "model": "cartitem"}}, {"model": "contenttypes.contenttype", "pk": 13, "fields": {"app_label": "app", "model": "order"}}, {"model": "contenttypes.contenttype", "pk": 14, "fields": {"app_label": "app", "model": "orderitem"}}, {"model": "sessions.session", "pk": "41lfuegjrmeoqrexh24a7m2eojwal4at", "fields": {"session_data": ".eJxVjrEOgzAQQ_8lcxUdIYSEsXu_AV3uQqGtghrCUCH-vUFiaBcP9rPlTfS45rFfl5D6iUUntLj8eh7pGeIR8APjfZY0x5wmLw9EnukibzOH1_Vk_wZGXMbStqABbKid8WSqWgdNDlpXkXatYvDgyQ1BcWNIgbOWLSusG2u8HRh1U0YJUxbdVh4Wea8Y85Q_oqv2ff8CREtAdg:1rHSNX:pIjdALfD4yQZhaxuS7t_T4T_4RzEEbAsJjh8m2MMiaU", "expire_date": "2024-01-07T17:35:07.858Z"}}, {"model": "sessions.session", "pk": "avfjl3tcdvj8os9438pjgrerhupo4ikv", "fields": {"session_data": ".eJxVjEEOgyAQRe8ya0MsIKDL7j0DGYahWltNEFfGu7cmbtz-9_7bgTAX6Pajgoh58t8lMnQlb1yBx60Mfls5-zFCBwZuW0CaeD5BfOP8WgQtc8ljEKciLrqK_l_8PC_3FhhwHc53bZ3SxFLaSKS0VU49lG11YqlrTHUgZk5atjKZ5JzVjbYoAwdrWtkYOH6fpkDo:1s17ln:wJMbcD2j-ZfyPyJhiGhPA7tMr3Pu95NlB6hp6CN8_-U", "expire_date": "2024-05-12T16:52:55.098Z"}}, {"model": "sessions.session", "pk": "ctyt9bs2g4grz9j0twvts0ojer3yhp79", "fields": {"session_data": ".eJxVjDsOwyAQRO9CHSEMXj4p0_sMiGUhOIlAMnYV5e6xJRdJM8W8N_NmPmxr8VtPi5-JXZlml98OQ3ymegB6hHpvPLa6LjPyQ-En7XxqlF630_07KKGXfY0aldGjHAeprICI2aRonTE6RAIEgGydiJqyUkk5sadLoIgsoB6kY58v0iQ3YQ:1rIC0u:Ns6Hv0iDyK6eps2fbSvEVOX7nQOuttAo5pBAvaq6mvw", "expire_date": "2024-01-09T18:18:48.573Z"}}, {"model": "sessions.session", "pk": "fp1x0m04bqvqb9o1zoukrwcfewn58ek4", "fields": {"session_data": ".eJxVjjsOwyAQRO9CHaHF5usyvc-AFhZiJxFI_lSW754guUjaeW9GczCP-zb5fU2Ln4kNTLLbbxYwvlJpgJ5YHpXHWrZlDrwp_KIrHyul9_1y_wYmXKdvOzgkCiAyOiGNika7XmZFVhlD0IFGa2K0ossCQKYeMFnsMhBIocm1VxGXjQ3HeX4AGiA6tQ:1rIFSH:8YMS48GqxiHEbM7m7bPvxD1P5lUOQF3-XDBlvpt6P_o", "expire_date": "2024-01-09T21:59:17.808Z"}}, {"model": "sessions.session", "pk": "fwvbjstmi71dfm1htqy4ym3e3i3ylwu4", "fields": {"session_data": ".eJxVjDsOwyAUBO9CHaHwi8Fl-pwBLTwITiIs-VNZvnuw5CJpd2ZnYx7rUvw6p8kPxHqm2eV3C4jvVA9AL9TnyONYl2kI_FD4SWf-GCl97qf7FyiYS3s7BAEljJI2yqvKlJMU2nbIQtkbSMegRVAaGc7AWJUzSHbONODIdS0aMS2s3_b9CygbO30:1rHoug:Vi_Smm5wo1Ue6okA3jhxvZafMPC9cG3s1g51c3LtXLg", "expire_date": "2024-01-08T17:38:50.781Z"}}, {"model": "sessions.session", "pk": "ik8tl362585rhrjvc0s6swicdeaki4th", "fields": {"session_data": ".eJxVjrEOgzAMRP8lcxVRx-DA2J1vQI7jFNoKJAIT4t-rSAzteu_d6Q4z8L6Nw551HaZoOtOY228WWN46FxBfPD8XK8u8rVOwRbEXzbZfon4el_s3MHIeS7si71AUgKKIQ3Le3R21mBSw4lQFUdWE0EJqkveENRJD0EBNC3V5JbxupjvO8wsU1DrY:1rs5yv:Z54DQq5e0VejLi26Zx_bfsNMwqJrdhwGjtKR9RekQWo", "expire_date": "2024-04-17T19:09:09.854Z"}}, {"model": "sessions.session", "pk": "ikmkouz1w62a83vf9xarghdi3cc1ckzp", "fields": {"session_data": ".eJxVjMsOwiAQRf-FtSEdnuLSvd9ABgakaiAp7cr479KkC92ec-59M4_bWvzW0-JnYhcG7PTLAsZnqrugB9Z747HVdZkD3xN-2M5vjdLrerR_BwV7GWsXwqSlUMYBqiCk1jZHiAAkNCWayESQDjI6qQYzOEKbDeQYBJ6VZZ8vy3o3YQ:1s0KYr:9u0dSIxcuOZizAwrRNKevUE94FFCMqIQMDiVd-cUPpo", "expire_date": "2024-05-10T12:20:17.363Z"}}, {"model": "sessions.session", "pk": "k7cnmscyravno1b7cebuntjf8jicf4b9", "fields": {"session_data": ".eJxVjDsOwjAQRO_iGllak_WHkp4zWOv1GgeQI8VJhbg7iZQCminmvZm3irQuNa5d5jhmdVGgTr9dIn5K20F-ULtPmqe2zGPSu6IP2vVtyvK6Hu7fQaVet7U4J2SKKRC8MFhkdy4YgtgthyJJsvXZWiRkC-BykuIYBw8IJiSjPl_6iTgs:1ptPDF:zbqwHYcz4g-xcjovm2G67OO54IWotqXpqvQyE3Q6aK0", "expire_date": "2023-05-15T08:48:49.379Z"}}, {"model": "sessions.session", "pk": "kxvqz1wbn20mtw2bide6ttkopr0wevh7", "fields": {"session_data": ".eJxVjc0OgjAQhN9lz6Rp7Y-Fo3efgWy3W0ENaCkHQ3h3IeGglznMfDOzQItz6dp54tz2ERowUP16AenBwx7EOw63UdA4lNwHsSPiSCdxHSM_Lwf7N9Dh1G1tT6EmZXXSESN7w3VKUSJqaSxbR1yjtf6s2LPDEMk76dG4FJSNOpHdRglzgWYBtct7xqH05QONquCVe-LtRJ-UkBLWdf0CSExGSQ:1rGy3F:AZfHTnzOmvw5bYYjLev71PHzVGGsJ3V1jF3tKUft67A", "expire_date": "2024-01-06T09:12:09.630Z"}}, {"model": "sessions.session", "pk": "m4pb6tm85kv0n97ingdncw0pi705bw6k", "fields": {"session_data": "eyJjYXJ0Ijp7fSwiZGFya19tb2RlIjpmYWxzZX0:1s12R1:tQPEzRCf5oZEjqRPYT8jzQ2g1hzuL4o7eWvSsTB7Pug", "expire_date": "2024-05-12T11:11:07.138Z"}}, {"model": "sessions.session", "pk": "p9diy0ce2ku5euk7kcasa7ypakq4sin5", "fields": {"session_data": ".eJxVjDsOgzAQBe_iOrIM_rGU6TkDWtZLIImMZJsKcffEEkXSvpk3hxhxL8u4Z07jGkQvnLj9bhPSi2MF4YnxsUnaYknrJKsiL5rlsAV-3y_3L7BgXurbQrBaKdQWgZyeSRk3extMYGSv0MMEaJQxHgG465oWGvCaqSVoLH2jhKmI_jjPDxqeOtU:1rHtG2:1jn6DAMO9K2umoqIzlNkgc57arjEHgVFPDUIKRHlarA", "expire_date": "2024-01-08T22:17:10.169Z"}}, {"model": "sessions.session", "pk": "wl4qzsxzaiwzktftz85gl1da31pvdzn1", "fields": {"session_data": ".eJxVjDsOwjAQRO_iGllak_WHkp4zWOv1GgeQI8VJhbg7iZQCminmvZm3irQuNa5d5jhmdVGgTr9dIn5K20F-ULtPmqe2zGPSu6IP2vVtyvK6Hu7fQaVet7U4J2SKKRC8MFhkdy4YgtgthyJJsvXZWiRkC-BykuIYBw8IJiSjPl_6iTgs:1pjKI1:Xhe56Dkfk1BrrxjErg3CQ04tRefXLvyUQBEFaRZtPNA", "expire_date": "2023-04-17T13:32:05.553Z"}}, {"model": "sessions.session", "pk": "y1y8edn60wa6edcxlexcosj9efehfe4n", "fields": {"session_data": ".eJxVjDsOwyAUBO9CHaHwi8Fl-pwBLTwITiIs-VNZvnuw5CJpd2ZnYx7rUvw6p8kPxHqm2eV3C4jvVA9AL9TnyONYl2kI_FD4SWf-GCl97qf7FyiYS3s7BAEljJI2yqvKlJMU2nbIQtkbSMegRVAaGc7AWJUzSHbONODIdS0aMS2s3_b9CygbO30:1rHqEy:PM3-tp_pbNGDvJwp-RsX_TDi21JXMI8H4SakwXUp-0U", "expire_date": "2024-01-08T19:03:52.344Z"}}, {"model": "sessions.session", "pk": "ygdq020iyqvamp0elkxno7bintsowfny", "fields": {"session_data": ".eJxVjDsOwjAQRO_iGllak_WHkp4zWOv1GgeQI8VJhbg7iZQCminmvZm3irQuNa5d5jhmdVGgTr9dIn5K20F-ULtPmqe2zGPSu6IP2vVtyvK6Hu7fQaVet7U4J2SKKRC8MFhkdy4YgtgthyJJsvXZWiRkC-BykuIYBw8IJiSjPl_6iTgs:1plsvv:QAshuJWm3T3rpl4GKwy93n6WVmIkyRYiMr2RactGFsE", "expire_date": "2023-04-24T14:55:51.667Z"}}]